epoch,time,train/box_loss,train/pose_loss,train/kobj_loss,train/cls_loss,train/dfl_loss,metrics/precision(B),metrics/recall(B),metrics/mAP50(B),metrics/mAP50-95(B),metrics/precision(P),metrics/recall(P),metrics/mAP50(P),metrics/mAP50-95(P),val/box_loss,val/pose_loss,val/kobj_loss,val/cls_loss,val/dfl_loss,lr/pg0,lr/pg1,lr/pg2,lr/pg3,lr/pg4,lr/pg5,lr/pg6,lr/pg7
1,65.8305,1.31537,10.4755,0.69757,1.34257,1.65632,0.97165,1,0.995,0.6965,0,0,0,0,0.96536,10.7381,0.77747,0.46947,1.17553,0.00993631,0.0033121,0.00993631,0.0033121,0.00993631,0.0033121,0.00993631,0.0033121
2,122.749,1.12552,9.77203,0.66746,0.8679,1.41023,0.96487,1,0.995,0.8955,0,0,0,0,0.73119,10.1574,0.68419,0.54853,1.18013,0.0198705,0.00662351,0.0198705,0.00662351,0.0198705,0.00662351,0.0198705,0.00662351
3,176.245,1.22419,9.20456,0.63996,0.99172,1.48104,0.9145,1,0.995,0.8955,0,0,0,0,0.65349,9.78286,0.52476,1.87523,0.96845,0.0297387,0.00991291,0.0297387,0.00991291,0.0297387,0.00991291,0.0297387,0.00991291
4,228.473,1.31161,8.81298,0.61454,1.11125,1.56293,0.6109,1,0.995,0.8955,0,0,0,0,1.00949,10.9564,0.44648,2.07538,1.00732,0.029703,0.009901,0.029703,0.009901,0.029703,0.009901,0.029703,0.009901
5,280.507,1.29647,8.26795,0.59379,1.05947,1.52829,0.91008,1,0.995,0.796,0,0,0,0,1.12696,8.22011,0.4452,1.34426,1.19745,0.029604,0.009868,0.029604,0.009868,0.029604,0.009868,0.029604,0.009868
6,332.474,1.24277,7.97261,0.58482,1.0416,1.49641,0.96223,1,0.995,0.796,0,0,0,0,1.14791,7.71292,0.5088,0.63385,1.16516,0.029505,0.009835,0.029505,0.009835,0.029505,0.009835,0.029505,0.009835
7,384.444,1.21616,7.64395,0.56046,0.97812,1.47638,0.95787,1,0.995,0.8955,0,0,0,0,0.79714,7.66935,0.41517,0.75595,1.03552,0.029406,0.009802,0.029406,0.009802,0.029406,0.009802,0.029406,0.009802
8,436.824,1.19463,7.38162,0.54247,0.96112,1.44552,0.95582,1,0.995,0.8955,0,0,0,0,0.8215,7.24669,0.38171,0.57702,1.02449,0.029307,0.009769,0.029307,0.009769,0.029307,0.009769,0.029307,0.009769
9,488.791,1.13968,7.21235,0.52604,0.89524,1.4193,0.96656,1,0.995,0.796,0,0,0,0,0.89048,6.47192,0.29552,0.59003,1.07638,0.029208,0.009736,0.029208,0.009736,0.029208,0.009736,0.029208,0.009736
10,540.802,1.12251,6.991,0.49962,0.86832,1.3989,0.96568,1,0.995,0.8955,0,0,0,0,0.47109,8.40037,0.27663,0.49713,0.9175,0.029109,0.009703,0.029109,0.009703,0.029109,0.009703,0.029109,0.009703
11,592.977,1.10815,6.8764,0.49383,0.83912,1.38782,0.92603,1,0.995,0.796,0,0,0,0,0.70163,7.92251,0.26555,0.78029,1.14849,0.02901,0.00967,0.02901,0.00967,0.02901,0.00967,0.02901,0.00967
12,644.787,1.07021,6.65201,0.48123,0.81663,1.36047,0.9672,1,0.995,0.796,0,0,0,0,0.71307,7.42001,0.21156,0.45932,0.96372,0.028911,0.009637,0.028911,0.009637,0.028911,0.009637,0.028911,0.009637
13,696.816,1.07955,6.56712,0.46594,0.81106,1.36297,0.964,1,0.995,0.8955,0,0,0,0,0.6249,7.72618,0.14941,0.4445,0.95577,0.028812,0.009604,0.028812,0.009604,0.028812,0.009604,0.028812,0.009604
14,748.706,1.05824,6.39248,0.45001,0.77655,1.34167,0.96459,1,0.995,0.796,0,0,0,0,0.65108,6.82052,0.19954,0.36137,0.97571,0.028713,0.009571,0.028713,0.009571,0.028713,0.009571,0.028713,0.009571
15,800.795,1.04239,6.30649,0.45129,0.76792,1.33642,0.96616,1,0.995,0.796,0,0,0,0,0.67199,6.93827,0.10341,0.4257,0.99342,0.028614,0.009538,0.028614,0.009538,0.028614,0.009538,0.028614,0.009538
16,852.634,1.02112,6.17991,0.43191,0.74323,1.31537,0.96633,1,0.995,0.995,0,0,0,0,0.4021,8.01979,0.10087,0.35008,0.85202,0.028515,0.009505,0.028515,0.009505,0.028515,0.009505,0.028515,0.009505
17,904.573,1.01437,6.17768,0.4296,0.73887,1.31666,0.96722,1,0.995,0.796,0,0,0,0,0.89794,6.59925,0.12835,0.4696,1.04873,0.028416,0.009472,0.028416,0.009472,0.028416,0.009472,0.028416,0.009472
18,956.915,1.00595,5.99318,0.41543,0.72996,1.30419,0.95984,1,0.995,0.796,0,0,0,0,0.96658,7.49034,0.16951,0.64482,1.01996,0.028317,0.009439,0.028317,0.009439,0.028317,0.009439,0.028317,0.009439
19,1009.35,0.99779,5.91733,0.41747,0.71144,1.30484,0.96961,1,0.995,0.995,0,0,0,0,0.41285,6.89412,0.12938,0.31264,0.85658,0.028218,0.009406,0.028218,0.009406,0.028218,0.009406,0.028218,0.009406
20,1061.57,1.00737,5.87696,0.40706,0.71385,1.30183,0.96983,1,0.995,0.8955,0,0,0,0,0.5406,6.56353,0.12182,0.34904,0.88718,0.028119,0.009373,0.028119,0.009373,0.028119,0.009373,0.028119,0.009373
21,1113.49,0.98641,5.68866,0.40161,0.69269,1.29031,0.9685,1,0.995,0.8955,0,0,0,0,0.72918,8.89649,0.11881,0.4352,1.03243,0.02802,0.00934,0.02802,0.00934,0.02802,0.00934,0.02802,0.00934
22,1165.41,0.95793,5.62941,0.39595,0.67881,1.27947,0.96964,1,0.995,0.8955,0,0,0,0,0.7569,6.14518,0.08381,0.37471,1.02023,0.027921,0.009307,0.027921,0.009307,0.027921,0.009307,0.027921,0.009307
23,1217.57,0.95937,5.63753,0.38646,0.67798,1.27661,0.90766,1,0.995,0.796,0,0,0,0,0.98607,6.27922,0.08153,0.7018,0.99831,0.027822,0.009274,0.027822,0.009274,0.027822,0.009274,0.027822,0.009274
24,1269.45,0.96376,5.52666,0.38969,0.68148,1.28055,0.95767,1,0.995,0.6965,0,0,0,0,1.3388,6.54518,0.10931,0.5761,1.12042,0.027723,0.009241,0.027723,0.009241,0.027723,0.009241,0.027723,0.009241
25,1321.34,0.95227,5.51455,0.38184,0.6497,1.26519,0.97054,1,0.995,0.796,0,0,0,0,0.77377,7.27,0.04704,0.47079,1.03777,0.027624,0.009208,0.027624,0.009208,0.027624,0.009208,0.027624,0.009208
26,1373.16,0.92958,5.34284,0.38135,0.62799,1.25011,0.96641,1,0.995,0.8955,0,0,0,0,0.68756,6.126,0.07403,0.4542,1.08776,0.027525,0.009175,0.027525,0.009175,0.027525,0.009175,0.027525,0.009175
27,1425.22,0.93306,5.32817,0.38048,0.62862,1.24908,0.96641,1,0.995,0.796,0,0,0,0,1.09854,6.21644,0.05308,0.55674,0.99885,0.027426,0.009142,0.027426,0.009142,0.027426,0.009142,0.027426,0.009142
28,1477.32,0.9033,5.13095,0.37775,0.61551,1.2334,0.96574,1,0.995,0.597,0,0,0,0,1.87551,6.55204,0.10979,0.64882,1.58126,0.027327,0.009109,0.027327,0.009109,0.027327,0.009109,0.027327,0.009109
29,1529.21,0.91347,5.09929,0.37362,0.61644,1.23877,0.96662,1,0.995,0.6965,0,0,0,0,1.20285,5.27568,0.04835,0.4585,1.10502,0.027228,0.009076,0.027228,0.009076,0.027228,0.009076,0.027228,0.009076
30,1581.1,0.89789,5.1267,0.36739,0.60483,1.22506,0.9697,1,0.995,0.796,0,0,0,0,1.00676,6.18319,0.05503,0.56358,1.06982,0.027129,0.009043,0.027129,0.009043,0.027129,0.009043,0.027129,0.009043
31,1633.11,0.88452,5.05398,0.36687,0.59645,1.21738,0.96773,1,0.995,0.8955,0,0,0,0,0.75012,5.73212,0.07875,0.41648,0.98672,0.02703,0.00901,0.02703,0.00901,0.02703,0.00901,0.02703,0.00901
32,1685.02,0.89167,4.98387,0.36646,0.5989,1.23321,0.96902,1,0.995,0.796,0,0,0,0,1.02172,6.84422,0.13198,0.46547,1.01881,0.026931,0.008977,0.026931,0.008977,0.026931,0.008977,0.026931,0.008977
33,1736.91,0.88839,4.92301,0.36257,0.5973,1.22629,0.97017,1,0.995,0.8955,0,0,0,0,0.59138,7.0698,0.10842,0.36789,0.93437,0.026832,0.008944,0.026832,0.008944,0.026832,0.008944,0.026832,0.008944
34,1788.82,0.88612,4.95044,0.35894,0.60102,1.22121,0.96967,1,0.995,0.8955,0,0,0,0,0.69366,6.44066,0.10408,0.33573,0.90496,0.026733,0.008911,0.026733,0.008911,0.026733,0.008911,0.026733,0.008911
35,1840.82,0.86811,4.85196,0.35165,0.58614,1.20965,0.96947,1,0.995,0.8955,0,0,0,0,0.70903,5.9537,0.05063,0.29325,0.94985,0.026634,0.008878,0.026634,0.008878,0.026634,0.008878,0.026634,0.008878
36,1892.81,0.86941,4.71012,0.35148,0.58511,1.22157,0.95553,1,0.995,0.8955,0,0,0,0,0.58979,7.0797,0.10691,0.43599,0.90227,0.026535,0.008845,0.026535,0.008845,0.026535,0.008845,0.026535,0.008845
37,1944.68,0.85533,4.73332,0.35392,0.57196,1.2046,0.96761,1,0.995,0.796,0,0,0,0,0.84494,5.64959,0.08898,0.44768,1.03092,0.026436,0.008812,0.026436,0.008812,0.026436,0.008812,0.026436,0.008812
38,1996.86,0.86042,4.74484,0.35305,0.57138,1.20787,0.96838,1,0.995,0.8955,0,0,0,0,0.66551,5.9904,0.03082,0.33313,1.00198,0.026337,0.008779,0.026337,0.008779,0.026337,0.008779,0.026337,0.008779
39,2048.86,0.85995,4.70423,0.34931,0.56648,1.21559,0.96847,1,0.995,0.796,0,0,0,0,0.79,5.22737,0.0837,0.46876,1.01288,0.026238,0.008746,0.026238,0.008746,0.026238,0.008746,0.026238,0.008746
40,2100.83,0.85275,4.58355,0.34863,0.55769,1.1997,0.9696,1,0.995,0.8955,0,0,0,0,0.84074,5.90722,0.05132,0.33963,0.97756,0.026139,0.008713,0.026139,0.008713,0.026139,0.008713,0.026139,0.008713
41,2152.8,0.84393,4.60482,0.33829,0.55399,1.1948,0.96923,1,0.995,0.796,0,0,0,0,0.89975,6.19835,0.0267,0.28115,0.99951,0.02604,0.00868,0.02604,0.00868,0.02604,0.00868,0.02604,0.00868
42,2204.73,0.85893,4.60811,0.3491,0.54567,1.20155,0.96798,1,0.995,0.796,0,0,0,0,0.96637,6.57878,0.06565,0.32121,0.99157,0.025941,0.008647,0.025941,0.008647,0.025941,0.008647,0.025941,0.008647
43,2256.85,0.83456,4.47037,0.33908,0.54358,1.18659,0.96923,1,0.995,0.8955,0,0,0,0,0.51353,5.59435,0.07489,0.25436,0.94043,0.025842,0.008614,0.025842,0.008614,0.025842,0.008614,0.025842,0.008614
44,2308.71,0.85025,4.47524,0.33408,0.55217,1.19473,1,1,0.995,0.796,0,0,0,0,0.80005,6.79199,0.05725,0.39203,0.95892,0.025743,0.008581,0.025743,0.008581,0.025743,0.008581,0.025743,0.008581
45,2360.56,0.85483,4.54874,0.33711,0.55931,1.20732,0.96842,1,0.995,0.796,0,0,0,0,0.93515,5.76396,0.05218,0.39159,0.99617,0.025644,0.008548,0.025644,0.008548,0.025644,0.008548,0.025644,0.008548
46,2412.47,0.83846,4.43562,0.34009,0.53761,1.19082,0.96543,1,0.995,0.8955,0,0,0,0,0.63679,6.83006,0.1003,0.31106,0.9072,0.025545,0.008515,0.025545,0.008515,0.025545,0.008515,0.025545,0.008515
47,2464.69,0.83895,4.43629,0.33227,0.55374,1.1945,0.96977,1,0.995,0.995,0,0,0,0,0.44901,6.0803,0.06395,0.33297,0.87135,0.025446,0.008482,0.025446,0.008482,0.025446,0.008482,0.025446,0.008482
48,2516.89,0.83497,4.34304,0.33682,0.5408,1.1855,0.96955,1,0.995,0.8955,0,0,0,0,0.55643,5.9207,0.04667,0.29967,0.89327,0.025347,0.008449,0.025347,0.008449,0.025347,0.008449,0.025347,0.008449
49,2568.78,0.81939,4.29212,0.33489,0.52817,1.17956,0.96964,1,0.995,0.995,0,0,0,0,0.22147,5.61548,0.03918,0.25639,0.8128,0.025248,0.008416,0.025248,0.008416,0.025248,0.008416,0.025248,0.008416
50,2620.87,0.82619,4.32155,0.33081,0.5291,1.18911,0.96966,1,0.995,0.995,0,0,0,0,0.43529,5.58439,0.04093,0.25864,0.8831,0.025149,0.008383,0.025149,0.008383,0.025149,0.008383,0.025149,0.008383
51,2673.12,0.81562,4.3254,0.33632,0.52596,1.17186,0.97063,1,0.995,0.8955,0,0,0,0,0.52934,6.41033,0.04011,0.25218,0.94717,0.02505,0.00835,0.02505,0.00835,0.02505,0.00835,0.02505,0.00835
52,2724.95,0.81693,4.23804,0.32376,0.53061,1.17605,1,1,0.995,0.8955,0,0,0,0,0.59308,6.13789,0.05938,0.28882,0.96852,0.024951,0.008317,0.024951,0.008317,0.024951,0.008317,0.024951,0.008317
53,2776.96,0.80071,4.1685,0.32304,0.51229,1.17279,0.97164,1,0.995,0.8955,0,0,0,0,0.52178,6.15403,0.03716,0.23028,1.00371,0.024852,0.008284,0.024852,0.008284,0.024852,0.008284,0.024852,0.008284
54,2828.9,0.79709,4.21919,0.32444,0.5138,1.16979,0.97052,1,0.995,0.796,0,0,0,0,0.95165,5.77253,0.0374,0.37696,1.10073,0.024753,0.008251,0.024753,0.008251,0.024753,0.008251,0.024753,0.008251
55,2881.02,0.80233,4.16257,0.31882,0.51936,1.16703,0.97036,1,0.995,0.8955,0,0,0,0,0.70263,6.01174,0.04263,0.36538,1.02312,0.024654,0.008218,0.024654,0.008218,0.024654,0.008218,0.024654,0.008218
56,2932.91,0.79307,4.04551,0.31485,0.51086,1.16529,0.97041,1,0.995,0.8955,0,0,0,0,0.51305,6.26398,0.05199,0.26365,1.00442,0.024555,0.008185,0.024555,0.008185,0.024555,0.008185,0.024555,0.008185
57,2984.87,0.79165,4.06079,0.32059,0.50666,1.1588,0.97207,1,0.995,0.8955,0,0,0,0,0.60985,6.08648,0.04502,0.32844,0.95529,0.024456,0.008152,0.024456,0.008152,0.024456,0.008152,0.024456,0.008152
58,3037.09,0.80171,4.0959,0.32451,0.50858,1.17127,0.97014,1,0.995,0.8955,0,0,0,0,0.74822,6.0369,0.04581,0.27524,1.02915,0.024357,0.008119,0.024357,0.008119,0.024357,0.008119,0.024357,0.008119
59,3089.21,0.79901,4.09417,0.3249,0.51524,1.16406,0.97112,1,0.995,0.796,0,0,0,0,0.78864,5.8936,0.0553,0.45609,1.0618,0.024258,0.008086,0.024258,0.008086,0.024258,0.008086,0.024258,0.008086
60,3141.15,0.80532,4.1218,0.31768,0.51413,1.16508,1,1,0.995,0.8955,0,0,0,0,0.65073,6.3405,0.04538,0.36709,0.98121,0.024159,0.008053,0.024159,0.008053,0.024159,0.008053,0.024159,0.008053
61,3193.12,0.79869,4.02914,0.31594,0.50119,1.16526,0.96986,1,0.995,0.8955,0,0,0,0,0.58909,6.49337,0.06499,0.29703,0.90769,0.02406,0.00802,0.02406,0.00802,0.02406,0.00802,0.02406,0.00802
62,3244.94,0.77733,4.08555,0.31883,0.49022,1.15401,0.96979,1,0.995,0.796,0,0,0,0,0.75183,6.32385,0.05505,0.36549,0.8944,0.023961,0.007987,0.023961,0.007987,0.023961,0.007987,0.023961,0.007987
63,3297.07,0.80224,4.08609,0.31235,0.51923,1.17206,0.96935,1,0.995,0.8955,0,0,0,0,0.62615,6.15519,0.04192,0.28619,0.95255,0.023862,0.007954,0.023862,0.007954,0.023862,0.007954,0.023862,0.007954
64,3348.99,0.78748,4.00503,0.30711,0.50222,1.16267,0.96936,1,0.995,0.8955,0,0,0,0,0.57922,5.79715,0.04222,0.33155,0.89618,0.023763,0.007921,0.023763,0.007921,0.023763,0.007921,0.023763,0.007921
65,3400.87,0.77831,3.97519,0.31004,0.49628,1.1631,0.96916,1,0.995,0.995,0,0,0,0,0.29385,5.95015,0.03752,0.22206,0.84446,0.023664,0.007888,0.023664,0.007888,0.023664,0.007888,0.023664,0.007888
66,3452.87,0.7879,3.9583,0.30869,0.49854,1.15663,0.96883,1,0.995,0.8955,0,0,0,0,0.75559,6.03343,0.05113,0.34627,0.98666,0.023565,0.007855,0.023565,0.007855,0.023565,0.007855,0.023565,0.007855
67,3505.02,0.77906,3.88483,0.30765,0.49582,1.15726,0.96928,1,0.995,0.8955,0,0,0,0,0.66713,6.27071,0.05301,0.26384,0.98805,0.023466,0.007822,0.023466,0.007822,0.023466,0.007822,0.023466,0.007822
68,3556.84,0.77957,3.904,0.30481,0.47909,1.15408,0.97013,1,0.995,0.8955,0,0,0,0,0.64985,6.30181,0.0405,0.30044,0.95226,0.023367,0.007789,0.023367,0.007789,0.023367,0.007789,0.023367,0.007789
69,3609.03,0.76533,3.84982,0.30374,0.49068,1.15292,0.96926,1,0.995,0.995,0,0,0,0,0.47027,6.01403,0.03692,0.2584,0.93952,0.023268,0.007756,0.023268,0.007756,0.023268,0.007756,0.023268,0.007756
70,3661.02,0.78086,3.83372,0.30781,0.48764,1.15079,1,1,0.995,0.796,0,0,0,0,0.81744,6.10406,0.03458,0.31814,1.00458,0.023169,0.007723,0.023169,0.007723,0.023169,0.007723,0.023169,0.007723
71,3713.14,0.76998,3.78187,0.30427,0.48404,1.15062,0.96822,1,0.995,0.796,0,0,0,0,0.57182,6.4758,0.04397,0.38274,0.92039,0.02307,0.00769,0.02307,0.00769,0.02307,0.00769,0.02307,0.00769
72,3765.02,0.76445,3.78123,0.30314,0.47883,1.13791,0.96836,1,0.995,0.796,0,0,0,0,0.93184,5.88582,0.0452,0.45232,0.95893,0.022971,0.007657,0.022971,0.007657,0.022971,0.007657,0.022971,0.007657
73,3816.95,0.76035,3.76037,0.30002,0.47208,1.14119,0.96855,1,0.995,0.8955,0,0,0,0,0.48415,6.25277,0.03645,0.28499,0.8672,0.022872,0.007624,0.022872,0.007624,0.022872,0.007624,0.022872,0.007624
74,3868.91,0.78212,3.77638,0.30124,0.48557,1.15976,0.96821,1,0.995,0.8955,0,0,0,0,0.60305,5.67718,0.04418,0.45735,0.8733,0.022773,0.007591,0.022773,0.007591,0.022773,0.007591,0.022773,0.007591
75,3920.98,0.74521,3.72105,0.29957,0.47129,1.13784,0.96919,1,0.995,0.8955,0,0,0,0,0.71078,4.8335,0.0687,0.43018,0.89862,0.022674,0.007558,0.022674,0.007558,0.022674,0.007558,0.022674,0.007558
76,3972.96,0.74712,3.80441,0.30159,0.46986,1.13752,0.97061,1,0.995,0.995,0,0,0,0,0.47557,6.06522,0.03985,0.3422,0.84879,0.022575,0.007525,0.022575,0.007525,0.022575,0.007525,0.022575,0.007525
77,4025.01,0.76524,3.69323,0.29739,0.48543,1.14814,0.96979,1,0.995,0.8955,0,0,0,0,0.70526,6.46478,0.04138,0.43308,0.88925,0.022476,0.007492,0.022476,0.007492,0.022476,0.007492,0.022476,0.007492
78,4076.9,0.75305,3.68278,0.29383,0.47241,1.1377,0.97047,1,0.995,0.796,0,0,0,0,1.01185,5.27037,0.05847,0.47755,0.97161,0.022377,0.007459,0.022377,0.007459,0.022377,0.007459,0.022377,0.007459
79,4129.11,0.73921,3.69314,0.29508,0.46131,1.12927,1,1,0.995,0.8955,0,0,0,0,0.68435,5.52392,0.07228,0.37033,0.89112,0.022278,0.007426,0.022278,0.007426,0.022278,0.007426,0.022278,0.007426
80,4181.26,0.74895,3.58731,0.29099,0.46948,1.13795,0.96957,1,0.995,0.6965,0,0,0,0,1.12653,6.11684,0.03822,0.40057,1.00521,0.022179,0.007393,0.022179,0.007393,0.022179,0.007393,0.022179,0.007393
81,4233.17,0.7493,3.73137,0.29673,0.46721,1.13997,0.96957,1,0.995,0.796,0,0,0,0,1.02732,6.52637,0.05948,0.34939,0.97866,0.02208,0.00736,0.02208,0.00736,0.02208,0.00736,0.02208,0.00736
82,4285.05,0.75281,3.60726,0.29059,0.46762,1.13852,0.96943,1,0.995,0.796,0,0,0,0,0.89547,5.99986,0.03887,0.44097,0.9492,0.021981,0.007327,0.021981,0.007327,0.021981,0.007327,0.021981,0.007327
83,4337.11,0.73051,3.52747,0.28952,0.45318,1.12505,0.9697,1,0.995,0.796,0,0,0,0,0.83819,6.02802,0.04454,0.38098,0.89084,0.021882,0.007294,0.021882,0.007294,0.021882,0.007294,0.021882,0.007294
84,4388.95,0.73986,3.54272,0.28843,0.45722,1.12669,0.96927,1,0.995,0.8955,0,0,0,0,0.53431,5.92681,0.03686,0.31199,0.90557,0.021783,0.007261,0.021783,0.007261,0.021783,0.007261,0.021783,0.007261
85,4440.95,0.72836,3.52411,0.28332,0.45085,1.12789,0.96817,1,0.995,0.796,0,0,0,0,0.87805,5.61093,0.05463,0.33536,0.9591,0.021684,0.007228,0.021684,0.007228,0.021684,0.007228,0.021684,0.007228
86,4492.9,0.74413,3.60838,0.28516,0.46587,1.13196,0.96392,1,0.995,0.995,0,0,0,0,0.57858,5.77737,0.03805,0.40209,0.89624,0.021585,0.007195,0.021585,0.007195,0.021585,0.007195,0.021585,0.007195
87,4544.96,0.73459,3.56071,0.28311,0.45279,1.13278,0.96874,1,0.995,0.8955,0,0,0,0,0.70097,6.46629,0.03433,0.34611,0.93945,0.021486,0.007162,0.021486,0.007162,0.021486,0.007162,0.021486,0.007162
88,4596.92,0.74585,3.60464,0.28723,0.46096,1.1332,0.96907,1,0.995,0.8955,0,0,0,0,0.57009,5.98748,0.0495,0.25478,0.86932,0.021387,0.007129,0.021387,0.007129,0.021387,0.007129,0.021387,0.007129
89,4648.94,0.72273,3.50524,0.2886,0.45064,1.12419,1,1,0.995,0.796,0,0,0,0,0.63048,6.05021,0.03414,0.39798,0.88388,0.021288,0.007096,0.021288,0.007096,0.021288,0.007096,0.021288,0.007096
90,4701.02,0.72286,3.46609,0.28474,0.44982,1.12461,0.96888,1,0.995,0.6965,0,0,0,0,0.9621,4.91419,0.02492,0.56423,0.97981,0.021189,0.007063,0.021189,0.007063,0.021189,0.007063,0.021189,0.007063
91,4753.14,0.72346,3.47431,0.2821,0.44641,1.12055,0.96966,1,0.995,0.796,0,0,0,0,0.70683,5.8837,0.0264,0.4224,0.89546,0.02109,0.00703,0.02109,0.00703,0.02109,0.00703,0.02109,0.00703
92,4805.08,0.71546,3.48197,0.28373,0.44023,1.12357,0.96959,1,0.995,0.796,0,0,0,0,0.9092,6.36709,0.02693,0.44764,0.91874,0.020991,0.006997,0.020991,0.006997,0.020991,0.006997,0.020991,0.006997
93,4857.22,0.71297,3.46357,0.28217,0.43725,1.12243,0.96873,1,0.995,0.796,0,0,0,0,1.06951,5.79097,0.03883,0.5632,0.96292,0.020892,0.006964,0.020892,0.006964,0.020892,0.006964,0.020892,0.006964
94,4909.23,0.72212,3.44966,0.27847,0.44492,1.11898,0.96829,1,0.995,0.8955,0,0,0,0,0.8631,6.09459,0.03455,0.32819,0.94456,0.020793,0.006931,0.020793,0.006931,0.020793,0.006931,0.020793,0.006931
95,4961.34,0.7176,3.49463,0.28231,0.44966,1.12283,0.96892,1,0.995,0.796,0,0,0,0,0.98698,5.31514,0.03223,0.41393,0.96285,0.020694,0.006898,0.020694,0.006898,0.020694,0.006898,0.020694,0.006898
96,5013.33,0.71949,3.3805,0.27798,0.44707,1.1226,0.96937,1,0.995,0.995,0,0,0,0,0.38705,5.72737,0.05268,0.25862,0.82151,0.020595,0.006865,0.020595,0.006865,0.020595,0.006865,0.020595,0.006865
97,5065.46,0.71778,3.36051,0.27445,0.44137,1.11945,0.96902,1,0.995,0.796,0,0,0,0,0.72976,5.71885,0.0237,0.49018,0.88688,0.020496,0.006832,0.020496,0.006832,0.020496,0.006832,0.020496,0.006832
98,5117.4,0.71816,3.45118,0.27761,0.44875,1.11976,0.96999,1,0.995,0.8955,0,0,0,0,0.66851,6.24266,0.05155,0.36327,0.86964,0.020397,0.006799,0.020397,0.006799,0.020397,0.006799,0.020397,0.006799
99,5169.7,0.71629,3.33065,0.27662,0.44521,1.12193,0.96948,1,0.995,0.8955,0,0,0,0,0.47272,6.06304,0.06092,0.2927,0.85126,0.020298,0.006766,0.020298,0.006766,0.020298,0.006766,0.020298,0.006766
100,5221.9,0.70083,3.30551,0.27048,0.43649,1.10511,0.96971,1,0.995,0.796,0,0,0,0,0.71026,5.72952,0.02738,0.28418,0.95268,0.020199,0.006733,0.020199,0.006733,0.020199,0.006733,0.020199,0.006733
101,5273.72,0.7064,3.37303,0.27202,0.43514,1.10987,0.96902,1,0.995,0.8955,0,0,0,0,0.5909,6.03905,0.0491,0.29455,0.87605,0.0201,0.0067,0.0201,0.0067,0.0201,0.0067,0.0201,0.0067
102,5325.8,0.70376,3.31695,0.26975,0.446,1.11293,0.96823,1,0.995,0.6965,0,0,0,0,1.29288,6.2418,0.04014,0.59678,1.04196,0.020001,0.006667,0.020001,0.006667,0.020001,0.006667,0.020001,0.006667
103,5377.89,0.70176,3.30009,0.27772,0.43439,1.11454,1,1,0.995,0.8955,0,0,0,0,0.4273,6.10384,0.03909,0.27153,0.87032,0.019902,0.006634,0.019902,0.006634,0.019902,0.006634,0.019902,0.006634
104,5429.72,0.71442,3.31389,0.2738,0.43793,1.11526,1,1,0.995,0.8955,0,0,0,0,0.91007,5.93717,0.03779,0.49657,0.95098,0.019803,0.006601,0.019803,0.006601,0.019803,0.006601,0.019803,0.006601
105,5481.56,0.69106,3.23691,0.27474,0.432,1.10624,0.96905,1,0.995,0.8955,0,0,0,0,0.7601,5.41949,0.03458,0.39496,0.93362,0.019704,0.006568,0.019704,0.006568,0.019704,0.006568,0.019704,0.006568
106,5533.57,0.6901,3.27252,0.26837,0.42624,1.11001,0.96773,1,0.995,0.796,0,0,0,0,0.68332,5.9706,0.02768,0.49768,0.89413,0.019605,0.006535,0.019605,0.006535,0.019605,0.006535,0.019605,0.006535
107,5585.76,0.69411,3.33749,0.27346,0.42886,1.11168,0.97046,1,0.995,0.995,0,0,0,0,0.37794,6.04604,0.0358,0.26811,0.82693,0.019506,0.006502,0.019506,0.006502,0.019506,0.006502,0.019506,0.006502
108,5637.84,0.6933,3.22177,0.26595,0.42745,1.09913,0.96964,1,0.995,0.995,0,0,0,0,0.38836,5.75715,0.02758,0.25761,0.85606,0.019407,0.006469,0.019407,0.006469,0.019407,0.006469,0.019407,0.006469
109,5689.98,0.70109,3.19742,0.26397,0.43262,1.11224,1,1,0.995,0.995,0,0,0,0,0.41834,5.65467,0.04298,0.24096,0.89051,0.019308,0.006436,0.019308,0.006436,0.019308,0.006436,0.019308,0.006436
110,5741.92,0.69448,3.24345,0.26647,0.42634,1.11134,0.96896,1,0.995,0.796,0,0,0,0,0.62338,5.43315,0.03613,0.31543,0.95367,0.019209,0.006403,0.019209,0.006403,0.019209,0.006403,0.019209,0.006403
111,5794.38,0.70113,3.22389,0.26493,0.42856,1.10431,0.96883,1,0.995,0.796,0,0,0,0,0.81181,5.82585,0.03564,0.35923,0.92552,0.01911,0.00637,0.01911,0.00637,0.01911,0.00637,0.01911,0.00637
112,5846.3,0.69611,3.23769,0.26291,0.43163,1.10796,0.9681,1,0.995,0.8955,0,0,0,0,0.8237,6.09864,0.0273,0.37398,0.9854,0.019011,0.006337,0.019011,0.006337,0.019011,0.006337,0.019011,0.006337
113,5898.21,0.6967,3.22845,0.2679,0.42473,1.10715,0.96888,1,0.995,0.8955,0,0,0,0,0.56643,6.14007,0.03132,0.31287,0.87253,0.018912,0.006304,0.018912,0.006304,0.018912,0.006304,0.018912,0.006304
114,5950.2,0.69445,3.24796,0.26943,0.42903,1.10808,0.96789,1,0.995,0.796,0,0,0,0,1.0082,5.4307,0.0293,0.32853,1.00488,0.018813,0.006271,0.018813,0.006271,0.018813,0.006271,0.018813,0.006271
115,6002.21,0.67306,3.20415,0.26345,0.42337,1.09646,0.9676,1,0.995,0.6965,0,0,0,0,1.2177,5.613,0.02747,0.49806,1.07485,0.018714,0.006238,0.018714,0.006238,0.018714,0.006238,0.018714,0.006238
116,6054.21,0.69873,3.22511,0.26546,0.42296,1.11069,0.96409,1,0.995,0.796,0,0,0,0,0.96355,5.34135,0.02724,0.35608,0.96932,0.018615,0.006205,0.018615,0.006205,0.018615,0.006205,0.018615,0.006205
